No.,brand,price,sales,prodYear,date,No.,price,brand,sales,prodYear,date
6,Cadillac6,20,10,1990,2002-07-14,6,20,Cadillac6,10,1990,2002-07-14
9,asd_bM,21,10,1990,2002-07-14,9,21,asd_bM,10,1990,2002-07-14
5,Cadillac,20000,10,1990,2002-07-14,5,20000,Cadillac,10,1990,2002-07-14
1,Dodge,30000,10000,2010,2020-01-01,1,30000,Dodge,10000,2010,2020-01-01
2,Dodge,30000,10000,2010,2013-12-07,2,30000,Dodge,10000,2010,2013-12-07
3,Dodge,35000,5000,2015,2017-02-17,3,35000,Dodge,5000,2015,2017-02-17
4,Benz,120000,1000,2017,2015-05-12,4,120000,Benz,1000,2017,2015-05-12
7,BMW,123456,10,1990,2002-07-14,7,123456,BMW,10,1990,2002-07-14
8,Benz,654321,10,1990,2002-07-14,8,654321,Benz,10,1990,2002-07-14
